provider,repeat,sample_id,gold,prediction,status,error,correct
gpt,1,test_005772,0,0,valid,,True
gpt,1,test_001824,2,2,valid,,True
gpt,1,test_002731,2,2,valid,,True
gpt,1,test_001045,2,2,valid,,True
gpt,1,test_005390,0,0,valid,,True
gpt,1,test_006331,0,0,valid,,True
gpt,1,test_001990,0,0,valid,,True
gpt,1,test_003009,0,0,valid,,True
gpt,1,test_004007,1,0,valid,,False
gpt,1,test_001380,2,2,valid,,True
gpt,1,test_006949,1,1,valid,,True
gpt,1,test_006846,1,1,valid,,True
gpt,1,test_006880,1,1,valid,,True
gpt,1,test_000341,2,2,valid,,True
gpt,1,test_005486,0,0,valid,,True
gpt,1,test_001711,3,3,valid,,True
gpt,1,test_005971,3,0,valid,,False
gpt,1,test_001631,2,0,valid,,False
gpt,1,test_001314,1,1,valid,,True
gpt,1,test_000236,1,1,valid,,True
gpt,1,test_000983,0,0,valid,,True
gpt,1,test_002556,1,1,valid,,True
gpt,1,test_006102,3,1,valid,,False
gpt,1,test_006466,0,0,valid,,True
gpt,1,test_006559,3,1,valid,,False
gpt,1,test_005856,2,0,valid,,False
gpt,1,test_001682,1,1,valid,,True
gpt,1,test_003394,2,0,valid,,False
gpt,1,test_002761,2,0,valid,,False
gpt,1,test_003677,1,1,valid,,True
gpt,1,test_004070,2,0,valid,,False
gpt,1,test_000784,1,1,valid,,True
gpt,1,test_003059,3,1,valid,,False
gpt,1,test_001311,2,0,valid,,False
gpt,1,test_004944,1,1,valid,,True
gpt,1,test_000698,2,0,valid,,False
gpt,1,test_006878,3,3,valid,,True
gpt,1,test_000419,0,0,valid,,True
gpt,1,test_003663,0,0,valid,,True
gpt,1,test_006544,3,1,valid,,False
gpt,1,test_003073,0,0,valid,,True
gpt,1,test_005692,0,0,valid,,True
gpt,1,test_002000,0,0,valid,,True
gpt,1,test_000975,0,0,valid,,True
gpt,1,test_004033,2,0,valid,,False
gpt,1,test_001160,2,2,valid,,True
gpt,1,test_003476,1,0,valid,,False
gpt,1,test_004380,1,1,valid,,True
gpt,1,test_005115,2,0,valid,,False
gpt,1,test_006706,2,0,valid,,False
gpt,1,test_001516,1,0,valid,,False
gpt,1,test_006497,2,2,valid,,True
gpt,1,test_003177,0,0,valid,,True
gpt,1,test_006374,0,0,valid,,True
gpt,1,test_006748,0,0,valid,,True
gpt,1,test_005032,0,0,valid,,True
gpt,1,test_006313,1,1,valid,,True
gpt,1,test_000302,1,1,valid,,True
gpt,1,test_005999,2,0,valid,,False
gpt,1,test_002265,1,1,valid,,True
gpt,1,test_000832,1,1,valid,,True
gpt,1,test_003415,0,0,valid,,True
gpt,1,test_005774,2,2,valid,,True
gpt,1,test_001363,0,0,valid,,True
gpt,1,test_006332,2,0,valid,,False
gpt,1,test_002976,2,0,valid,,False
gpt,1,test_006816,1,1,valid,,True
gpt,1,test_001733,3,3,valid,,True
gpt,1,test_002371,1,1,valid,,True
gpt,1,test_003327,2,0,valid,,False
gpt,1,test_000988,0,0,valid,,True
gpt,1,test_004484,2,0,valid,,False
gpt,1,test_005575,0,0,valid,,True
gpt,1,test_006919,0,0,valid,,True
gpt,1,test_003344,3,1,valid,,False
gpt,1,test_002752,1,0,valid,,False
gpt,1,test_005258,0,0,valid,,True
gpt,1,test_002064,0,0,valid,,True
gpt,1,test_002035,2,2,valid,,True
gpt,1,test_000726,1,1,valid,,True
gpt,1,test_006923,0,0,valid,,True
gpt,1,test_006855,0,0,valid,,True
gpt,1,test_006231,1,1,valid,,True
gpt,1,test_002839,1,1,valid,,True
gpt,1,test_006516,0,0,valid,,True
gpt,1,test_003255,2,0,valid,,False
gpt,1,test_006320,0,0,valid,,True
gpt,1,test_003069,1,1,valid,,True
gpt,1,test_003294,1,1,valid,,True
gpt,1,test_002724,0,0,valid,,True
gpt,1,test_006278,2,0,valid,,False
gpt,1,test_002190,0,0,valid,,True
gpt,1,test_004867,0,0,valid,,True
gpt,1,test_000215,2,2,valid,,True
gpt,1,test_004572,0,0,valid,,True
gpt,1,test_005988,3,0,valid,,False
gpt,1,test_004345,0,0,valid,,True
gpt,1,test_002557,2,0,valid,,False
gpt,1,test_004346,0,0,valid,,True
gpt,1,test_002553,2,2,valid,,True
gpt,1,test_006370,0,0,valid,,True
gpt,1,test_004111,2,0,valid,,False
gpt,1,test_005560,0,0,valid,,True
gpt,1,test_000918,2,0,valid,,False
gpt,1,test_000917,2,2,valid,,True
gpt,1,test_005215,3,1,valid,,False
gpt,1,test_001015,3,1,valid,,False
gpt,1,test_004045,1,1,valid,,True
gpt,1,test_000074,0,0,valid,,True
gpt,1,test_003354,3,1,valid,,False
gpt,1,test_004079,3,0,valid,,False
gpt,1,test_006043,1,0,valid,,False
gpt,1,test_003726,2,0,valid,,False
gpt,1,test_002056,0,0,valid,,True
gpt,1,test_003099,2,0,valid,,False
gpt,1,test_005305,0,0,valid,,True
gpt,1,test_003743,0,0,valid,,True
gpt,1,test_005024,2,0,valid,,False
gpt,1,test_003748,0,0,valid,,True
gpt,1,test_000569,2,0,valid,,False
gpt,1,test_001245,3,0,valid,,False
gpt,1,test_002048,1,1,valid,,True
gpt,1,test_005932,1,1,valid,,True
gpt,1,test_003147,3,3,valid,,True
gpt,1,test_003863,1,1,valid,,True
gpt,1,test_002733,1,1,valid,,True
gpt,1,test_002626,0,0,valid,,True
gpt,1,test_004971,0,0,valid,,True
gpt,1,test_005929,2,0,valid,,False
gpt,1,test_005504,1,1,valid,,True
gpt,1,test_000936,1,1,valid,,True
gpt,1,test_001131,3,3,valid,,True
gpt,1,test_005334,1,1,valid,,True
gpt,1,test_002061,0,0,valid,,True
gpt,1,test_002616,0,0,valid,,True
gpt,1,test_002165,0,0,valid,,True
gpt,1,test_005846,2,0,valid,,False
gpt,1,test_006904,1,0,valid,,False
gpt,1,test_004263,3,1,valid,,False
gpt,1,test_006572,1,1,valid,,True
gpt,1,test_004931,1,0,valid,,False
gpt,1,test_002041,1,1,valid,,True
gpt,1,test_006265,0,0,valid,,True
gpt,1,test_001306,0,0,valid,,True
gpt,1,test_006865,3,1,valid,,False
gpt,1,test_001693,1,1,valid,,True
gpt,1,test_000046,0,0,valid,,True
gpt,1,test_003056,1,1,valid,,True
gpt,1,test_004721,0,0,valid,,True
gpt,1,test_005738,2,2,valid,,True
gpt,1,test_003314,0,1,valid,,False
gpt,1,test_006178,2,2,valid,,True
gpt,1,test_000523,1,1,valid,,True
gpt,1,test_001267,1,1,valid,,True
gpt,1,test_002065,1,0,valid,,False
gpt,1,test_006423,1,1,valid,,True
gpt,1,test_005742,0,0,valid,,True
gpt,1,test_002214,0,0,valid,,True
gpt,1,test_002766,2,2,valid,,True
gpt,1,test_005844,0,0,valid,,True
gpt,1,test_005000,2,0,valid,,False
gpt,1,test_004799,3,1,valid,,False
gpt,1,test_000241,2,0,valid,,False
gpt,1,test_001279,1,0,valid,,False
gpt,1,test_003472,2,2,valid,,True
gpt,1,test_004115,2,0,valid,,False
gpt,1,test_000499,0,0,valid,,True
gpt,1,test_001355,1,1,valid,,True
gpt,1,test_003987,0,0,valid,,True
gpt,1,test_001901,2,0,valid,,False
gpt,1,test_002786,2,2,valid,,True
gpt,1,test_004579,3,1,valid,,False
gpt,1,test_002038,1,1,valid,,True
gpt,1,test_002560,1,1,valid,,True
gpt,1,test_005565,1,1,valid,,True
gpt,1,test_006197,1,1,valid,,True
gpt,1,test_001136,1,0,valid,,False
gpt,1,test_004188,0,0,valid,,True
gpt,1,test_006306,0,0,valid,,True
gpt,1,test_001147,2,0,valid,,False
gpt,1,test_002854,0,0,valid,,True
gpt,1,test_004067,0,0,valid,,True
gpt,1,test_003930,2,0,valid,,False
gpt,1,test_004946,3,1,valid,,False
gpt,1,test_004846,3,0,valid,,False
gpt,1,test_001678,0,0,valid,,True
gpt,1,test_005847,3,1,valid,,False
gpt,1,test_000892,1,0,valid,,False
gpt,1,test_004968,0,0,valid,,True
gpt,1,test_001810,2,2,valid,,True
gpt,1,test_000526,2,0,valid,,False
gpt,1,test_006300,2,0,valid,,False
gpt,1,test_002898,1,1,valid,,True
gpt,1,test_006420,0,0,valid,,True
gpt,1,test_003902,0,0,valid,,True
gpt,1,test_003756,0,0,valid,,True
gpt,1,test_002604,1,1,valid,,True
gpt,1,test_006875,1,1,valid,,True
gpt,1,test_002777,1,1,valid,,True
gpt,1,test_003031,0,0,valid,,True
gpt,1,test_000673,1,1,valid,,True
gpt,1,test_001809,1,1,valid,,True
gpt,1,test_004780,2,0,valid,,False
gpt,1,test_002744,1,1,valid,,True
gpt,1,test_001341,0,0,valid,,True
gpt,1,test_002327,1,1,valid,,True
gpt,1,test_004804,1,1,valid,,True
gpt,1,test_005906,0,0,valid,,True
gpt,1,test_006700,1,1,valid,,True
gpt,1,test_005161,0,0,valid,,True
gpt,1,test_004203,0,0,valid,,True
gpt,1,test_000320,1,1,valid,,True
gpt,1,test_002565,2,0,valid,,False
gpt,1,test_000206,0,0,valid,,True
gpt,1,test_003990,0,0,valid,,True
gpt,1,test_005188,0,0,valid,,True
gpt,1,test_001082,2,0,valid,,False
gpt,1,test_000671,2,0,valid,,False
gpt,1,test_002844,2,0,valid,,False
gpt,1,test_005186,0,0,valid,,True
gpt,1,test_004106,3,1,valid,,False
gpt,1,test_005490,0,0,valid,,True
gpt,1,test_005069,2,0,valid,,False
gpt,1,test_004673,3,3,valid,,True
gpt,1,test_002621,0,0,valid,,True
gpt,1,test_001290,1,1,valid,,True
gpt,1,test_003778,2,0,valid,,False
gpt,1,test_001716,1,0,valid,,False
gpt,1,test_006902,1,1,valid,,True
gpt,1,test_000385,1,1,valid,,True
gpt,1,test_004344,0,0,valid,,True
gpt,1,test_000417,0,0,valid,,True
gpt,1,test_002911,2,0,valid,,False
gpt,1,test_002969,0,0,valid,,True
gpt,1,test_005539,2,0,valid,,False
gpt,1,test_005399,0,0,valid,,True
gpt,1,test_003234,2,0,valid,,False
gpt,1,test_004408,0,0,valid,,True
gpt,1,test_004261,1,1,valid,,True
gpt,1,test_005752,1,1,valid,,True
gpt,1,test_002739,0,0,valid,,True
gpt,1,test_002635,2,0,valid,,False
gpt,1,test_002816,1,1,valid,,True
gpt,1,test_002081,2,2,valid,,True
gpt,1,test_001155,0,0,valid,,True
gpt,1,test_004069,0,0,valid,,True
gpt,1,test_001098,2,2,valid,,True
gpt,1,test_003843,0,0,valid,,True
gpt,1,test_000623,2,0,valid,,False
gpt,1,test_000762,2,0,valid,,False
gpt,1,test_006066,0,0,valid,,True
gpt,1,test_001386,1,1,valid,,True
gpt,1,test_006144,0,0,valid,,True
gpt,1,test_006326,3,1,valid,,False
gpt,1,test_001165,2,0,valid,,False
gpt,1,test_003572,1,0,valid,,False
gpt,1,test_005290,1,1,valid,,True
gpt,1,test_003122,2,0,valid,,False
gpt,1,test_002253,1,1,valid,,True
gpt,1,test_001460,1,1,valid,,True
gpt,1,test_001166,0,0,valid,,True
gpt,1,test_002999,2,2,valid,,True
gpt,1,test_003054,0,0,valid,,True
gpt,1,test_003769,0,0,valid,,True
gpt,1,test_000922,3,1,valid,,False
gpt,1,test_006958,1,1,valid,,True
gpt,1,test_003444,0,0,valid,,True
gpt,1,test_003763,2,0,valid,,False
gpt,1,test_001243,3,3,valid,,True
gpt,1,test_003676,0,0,valid,,True
gpt,1,test_001324,2,0,valid,,False
gpt,1,test_002383,2,0,valid,,False
gpt,1,test_002120,1,1,valid,,True
gpt,1,test_003170,2,2,valid,,True
gpt,1,test_001955,3,3,valid,,True
gpt,1,test_003335,0,0,valid,,True
gpt,1,test_002278,2,0,valid,,False
gpt,1,test_005615,2,0,valid,,False
gpt,1,test_000404,1,1,valid,,True
gpt,1,test_002262,0,0,valid,,True
gpt,1,test_005611,0,0,valid,,True
gpt,1,test_004926,0,0,valid,,True
gpt,1,test_005387,2,0,valid,,False
gpt,1,test_004036,2,0,valid,,False
gpt,1,test_001664,2,2,valid,,True
gpt,1,test_001996,0,0,valid,,True
gpt,1,test_005092,1,1,valid,,True
gpt,1,test_000723,0,0,valid,,True
gpt,1,test_005042,2,0,valid,,False
gpt,1,test_002454,1,1,valid,,True
gpt,1,test_003582,3,1,valid,,False
gpt,1,test_001066,1,0,valid,,False
gpt,1,test_006019,1,1,valid,,True
gpt,1,test_002693,2,0,valid,,False
gpt,1,test_004460,0,0,valid,,True
gpt,1,test_006638,2,0,valid,,False
gpt,1,test_001435,0,0,valid,,True
gpt,1,test_000310,3,0,valid,,False
gpt,1,test_006296,2,0,valid,,False
gpt,1,test_001301,1,1,valid,,True
gpt,1,test_004720,0,0,valid,,True
gpt,1,test_002790,2,0,valid,,False
gpt,1,test_001169,2,0,valid,,False
gpt,1,test_003186,1,1,valid,,True
gpt,1,test_004133,0,0,valid,,True
gpt,1,test_004826,2,0,valid,,False
gpt,1,test_000895,0,0,valid,,True
gpt,1,test_002931,1,1,valid,,True
gpt,1,test_003772,2,2,valid,,True
gpt,1,test_004388,3,1,valid,,False
gpt,1,test_005650,0,0,valid,,True
gpt,1,test_003453,0,0,valid,,True
gpt,1,test_004018,0,0,valid,,True
gpt,1,test_004202,1,0,valid,,False
gpt,1,test_004779,0,0,valid,,True
gpt,1,test_006628,1,1,valid,,True
gpt,1,test_002959,3,1,valid,,False
gpt,1,test_006665,2,0,valid,,False
gpt,1,test_006065,2,0,valid,,False
gpt,1,test_006335,1,1,valid,,True
gpt,1,test_005759,0,0,valid,,True
gpt,1,test_000280,0,0,valid,,True
gpt,1,test_002116,1,1,valid,,True
gpt,1,test_005053,1,1,valid,,True
gpt,1,test_002537,2,0,valid,,False
gpt,1,test_000815,0,0,valid,,True
gpt,1,test_004488,0,0,valid,,True
gpt,1,test_000851,1,1,valid,,True
gpt,1,test_005917,1,1,valid,,True
gpt,1,test_005600,0,0,valid,,True
gpt,1,test_003502,1,1,valid,,True
gpt,1,test_000966,0,0,valid,,True
gpt,1,test_000003,0,0,valid,,True
gpt,1,test_000963,0,0,valid,,True
gpt,1,test_004206,1,1,valid,,True
gpt,1,test_005756,1,0,valid,,False
gpt,1,test_002368,0,0,valid,,True
gpt,1,test_000301,1,1,valid,,True
gpt,1,test_006695,2,0,valid,,False
gpt,1,test_002156,0,0,valid,,True
gpt,1,test_004688,0,0,valid,,True
gpt,1,test_004992,2,0,valid,,False
gpt,1,test_000327,0,0,valid,,True
gpt,1,test_004911,0,0,valid,,True
gpt,1,test_005207,3,0,valid,,False
gpt,1,test_003093,0,0,valid,,True
gpt,1,test_004580,0,0,valid,,True
gpt,1,test_006924,1,1,valid,,True
gpt,1,test_000792,1,1,valid,,True
gpt,1,test_002089,1,1,valid,,True
gpt,1,test_003348,0,0,valid,,True
gpt,1,test_001968,2,0,valid,,False
gpt,1,test_005655,0,0,valid,,True
gpt,1,test_003373,2,0,valid,,False
gpt,1,test_006588,2,2,valid,,True
gpt,1,test_001250,0,0,valid,,True
gpt,1,test_003522,1,0,valid,,False
gpt,1,test_006895,1,1,valid,,True
gpt,1,test_005554,1,1,valid,,True
gpt,1,test_001304,1,1,valid,,True
gpt,1,test_006339,0,0,valid,,True
gpt,1,test_005173,1,1,valid,,True
gpt,1,test_006585,0,0,valid,,True
gpt,1,test_005350,3,1,valid,,False
gpt,1,test_005311,0,0,valid,,True
gpt,1,test_006549,1,1,valid,,True
gpt,1,test_003461,0,0,valid,,True
gpt,1,test_000913,0,0,valid,,True
gpt,1,test_006759,1,1,valid,,True
gpt,1,test_001959,2,0,valid,,False
gpt,1,test_003495,1,1,valid,,True
gpt,1,test_003183,2,0,valid,,False
gpt,1,test_005182,2,0,valid,,False
gpt,1,test_001547,1,1,valid,,True
gpt,1,test_004929,0,0,valid,,True
gpt,1,test_002674,3,1,valid,,False
gpt,1,test_005794,0,0,valid,,True
gpt,1,test_004430,1,1,valid,,True
gpt,1,test_000699,2,0,valid,,False
gpt,1,test_003672,0,0,valid,,True
gpt,1,test_003900,2,0,valid,,False
gpt,1,test_001332,0,0,valid,,True
gpt,1,test_004757,0,0,valid,,True
gpt,1,test_003500,3,0,valid,,False
gpt,1,test_006778,2,2,valid,,True
gpt,1,test_003421,1,1,valid,,True
gpt,1,test_001389,1,1,valid,,True
gpt,1,test_003890,1,1,valid,,True
gpt,1,test_006112,0,0,valid,,True
gpt,1,test_005541,1,1,valid,,True
gpt,1,test_002058,0,0,valid,,True
gpt,1,test_000645,0,0,valid,,True
gpt,1,test_006279,0,0,valid,,True
gpt,1,test_006087,1,1,valid,,True
gpt,1,test_001329,1,1,valid,,True
gpt,1,test_006892,0,0,valid,,True
gpt,1,test_003854,1,1,valid,,True
gpt,1,test_006961,2,2,valid,,True
gpt,1,test_000010,1,1,valid,,True
gpt,1,test_001470,1,1,valid,,True
gpt,1,test_000595,0,0,valid,,True
gpt,1,test_002490,1,1,valid,,True
gpt,1,test_001604,2,0,valid,,False
gpt,1,test_000171,0,0,valid,,True
gpt,1,test_006703,2,0,valid,,False
gpt,1,test_003087,1,1,valid,,True
gpt,1,test_001625,1,1,valid,,True
gpt,1,test_000160,0,0,valid,,True
gpt,1,test_000753,3,1,valid,,False
gpt,1,test_004193,0,0,valid,,True
gpt,1,test_006608,0,0,valid,,True
gpt,1,test_000562,2,0,valid,,False
gpt,1,test_002397,1,1,valid,,True
gpt,1,test_000253,2,0,valid,,False
gpt,1,test_001920,1,0,valid,,False
gpt,1,test_006372,0,0,valid,,True
gpt,1,test_005233,2,0,valid,,False
gpt,1,test_001285,0,0,valid,,True
gpt,1,test_005516,0,0,valid,,True
gpt,1,test_004841,3,3,valid,,True
gpt,1,test_001759,1,1,valid,,True
gpt,1,test_000545,0,0,valid,,True
gpt,1,test_002695,0,0,valid,,True
gpt,1,test_002717,1,1,valid,,True
gpt,1,test_002255,1,1,valid,,True
gpt,1,test_003019,0,0,valid,,True
gpt,1,test_001478,1,1,valid,,True
gpt,1,test_001998,0,0,valid,,True
gpt,1,test_000189,1,1,valid,,True
gpt,1,test_002762,1,1,valid,,True
gpt,1,test_004788,3,0,valid,,False
gpt,1,test_000329,0,0,valid,,True
gpt,1,test_005811,1,1,valid,,True
gpt,1,test_006383,2,0,valid,,False
gpt,1,test_000638,0,0,valid,,True
gpt,1,test_002947,0,0,valid,,True
gpt,1,test_002708,2,0,valid,,False
gpt,1,test_001591,1,1,valid,,True
gpt,1,test_000054,2,0,valid,,False
gpt,1,test_005977,2,0,valid,,False
gpt,1,test_005933,0,0,valid,,True
gpt,1,test_000375,1,1,valid,,True
gpt,1,test_000826,0,0,valid,,True
gpt,1,test_005342,0,0,valid,,True
gpt,1,test_002300,1,1,valid,,True
gpt,1,test_005795,2,0,valid,,False
gpt,1,test_006172,1,1,valid,,True
gpt,1,test_001969,0,0,valid,,True
gpt,1,test_006718,1,1,valid,,True
gpt,1,test_005959,1,1,valid,,True
gpt,1,test_001418,2,2,valid,,True
gpt,1,test_003860,0,0,valid,,True
gpt,1,test_000431,2,0,valid,,False
gpt,1,test_006951,1,1,valid,,True
gpt,1,test_005588,0,0,valid,,True
gpt,1,test_002797,0,0,valid,,True
gpt,1,test_004547,2,0,valid,,False
gpt,1,test_001605,0,0,valid,,True
gpt,1,test_005373,0,0,valid,,True
gpt,1,test_004654,2,2,valid,,True
gpt,1,test_002055,0,0,valid,,True
gpt,1,test_000846,0,0,valid,,True
gpt,1,test_003730,3,1,valid,,False
gpt,1,test_001560,1,1,valid,,True
gpt,1,test_004869,2,0,valid,,False
gpt,1,test_001369,1,1,valid,,True
gpt,1,test_004891,3,3,valid,,True
gpt,1,test_006736,2,0,valid,,False
gpt,1,test_006678,1,1,valid,,True
gpt,1,test_000384,2,0,valid,,False
gpt,1,test_001816,3,3,valid,,True
gpt,1,test_000659,1,0,valid,,False
gpt,1,test_003136,0,0,valid,,True
gpt,1,test_002143,1,1,valid,,True
gpt,1,test_003283,0,0,valid,,True
gpt,1,test_005645,1,1,valid,,True
gpt,1,test_000249,0,0,valid,,True
gpt,1,test_003587,1,1,valid,,True
gpt,1,test_003598,1,1,valid,,True
gpt,1,test_004759,0,0,valid,,True
gpt,1,test_004592,0,0,valid,,True
gpt,1,test_006668,0,0,valid,,True
gpt,1,test_003531,1,1,valid,,True
gpt,1,test_002660,0,0,valid,,True
gpt,1,test_003380,1,1,valid,,True
gpt,1,test_003747,0,0,valid,,True
gpt,1,test_002624,3,1,valid,,False
gpt,1,test_006460,2,2,valid,,True
gpt,1,test_003642,0,0,valid,,True
gpt,1,test_004811,3,1,valid,,False
gpt,1,test_001531,0,0,valid,,True
gpt,1,test_000984,2,0,valid,,False
gpt,1,test_002747,0,0,valid,,True
gpt,1,test_006121,1,1,valid,,True
gpt,1,test_000201,0,0,valid,,True
gpt,1,test_002391,0,0,valid,,True
gpt,1,test_004143,0,0,valid,,True
gpt,1,test_005869,0,0,valid,,True
gpt,1,test_002891,2,0,valid,,False
gpt,1,test_006158,1,1,valid,,True
gpt,1,test_001917,0,0,valid,,True
gpt,1,test_006593,1,1,valid,,True
gpt,1,test_003251,3,1,valid,,False
gpt,1,test_004360,1,1,valid,,True
gpt,1,test_003526,1,1,valid,,True
gpt,1,test_000225,1,1,valid,,True
gpt,1,test_003462,0,0,valid,,True
gpt,1,test_005393,1,1,valid,,True
gpt,1,test_003155,1,1,valid,,True
gpt,1,test_003284,0,0,valid,,True
gpt,1,test_002811,2,0,valid,,False
gpt,1,test_001396,3,1,valid,,False
gpt,1,test_000034,0,0,valid,,True
gpt,1,test_001387,1,0,valid,,False
gpt,1,test_003037,2,0,valid,,False
gpt,1,test_002198,2,2,valid,,True
gpt,1,test_002324,1,1,valid,,True
gpt,1,test_002243,1,1,valid,,True
gpt,1,test_004426,2,2,valid,,True
gpt,1,test_001680,2,0,valid,,False
gpt,1,test_002914,2,2,valid,,True
gpt,1,test_006439,2,0,valid,,False
gpt,1,test_004820,1,0,valid,,False
gpt,1,test_004853,2,2,valid,,True
gpt,1,test_001205,3,0,valid,,False
gpt,1,test_004835,1,1,valid,,True
gpt,1,test_000920,0,0,valid,,True
gpt,1,test_002466,0,0,valid,,True
gpt,1,test_006051,1,1,valid,,True
gpt,1,test_003367,0,0,valid,,True
gpt,1,test_001696,1,1,valid,,True
gpt,1,test_001722,0,0,valid,,True
gpt,1,test_001646,0,0,valid,,True
gpt,1,test_006109,2,0,valid,,False
gpt,1,test_003445,2,0,valid,,False
gpt,1,test_005016,0,0,valid,,True
gpt,1,test_006090,3,0,valid,,False
gpt,1,test_006310,1,1,valid,,True
gpt,1,test_002150,1,1,valid,,True
gpt,1,test_006295,2,0,valid,,False
gpt,1,test_000667,1,1,valid,,True
gpt,1,test_000114,3,0,valid,,False
gpt,1,test_001353,2,0,valid,,False
gpt,1,test_005791,1,1,valid,,True
gpt,1,test_006953,1,1,valid,,True
gpt,1,test_006847,2,0,valid,,False
gpt,1,test_005287,1,1,valid,,True
gpt,1,test_000559,0,0,valid,,True
gpt,1,test_003923,3,0,valid,,False
gpt,1,test_006170,0,0,valid,,True
gpt,1,test_005855,0,0,valid,,True
gpt,1,test_003486,0,0,valid,,True
gpt,1,test_006787,0,0,valid,,True
gpt,1,test_005616,0,0,valid,,True
gpt,1,test_003436,0,0,valid,,True
gpt,1,test_001635,1,1,valid,,True
gpt,1,test_004413,0,0,valid,,True
gpt,1,test_005237,0,0,valid,,True
gpt,1,test_001931,1,1,valid,,True
gpt,1,test_006586,2,0,valid,,False
gpt,1,test_000525,2,0,valid,,False
gpt,1,test_004802,0,0,valid,,True
gpt,1,test_003851,0,0,valid,,True
gpt,1,test_005561,1,1,valid,,True
gpt,1,test_005991,1,1,valid,,True
gpt,1,test_006775,1,1,valid,,True
gpt,1,test_004175,0,0,valid,,True
gpt,1,test_003845,1,1,valid,,True
gpt,1,test_003057,1,1,valid,,True
gpt,1,test_004514,0,0,valid,,True
gpt,1,test_004754,2,2,valid,,True
gpt,1,test_005047,0,0,valid,,True
gpt,1,test_004735,1,1,valid,,True
gpt,1,test_000606,0,0,valid,,True
gpt,1,test_003963,0,0,valid,,True
gpt,1,test_004658,1,1,valid,,True
gpt,1,test_004642,2,0,valid,,False
gpt,1,test_004062,1,1,valid,,True
gpt,1,test_001358,0,0,valid,,True
gpt,1,test_006509,2,0,valid,,False
gpt,1,test_004972,1,1,valid,,True
gpt,1,test_002735,0,0,valid,,True
gpt,1,test_003140,0,0,valid,,True
gpt,1,test_006837,1,1,valid,,True
gpt,1,test_004583,0,0,valid,,True
gpt,1,test_001318,1,1,valid,,True
gpt,1,test_005084,2,2,valid,,True
gpt,1,test_001540,0,0,valid,,True
gpt,1,test_000823,0,0,valid,,True
gpt,1,test_005820,2,0,valid,,False
gpt,1,test_000164,2,0,valid,,False
gpt,1,test_005410,2,2,valid,,True
gpt,1,test_002730,0,0,valid,,True
gpt,1,test_001276,0,0,valid,,True
gpt,1,test_001458,2,0,valid,,False
gpt,1,test_005592,2,0,valid,,False
gpt,1,test_004833,1,1,valid,,True
gpt,1,test_006294,2,2,valid,,True
gpt,1,test_002419,1,1,valid,,True
gpt,1,test_003278,0,0,valid,,True
gpt,1,test_006386,0,0,valid,,True
gpt,1,test_005780,1,1,valid,,True
gpt,1,test_004170,1,1,valid,,True
gpt,1,test_002386,1,1,valid,,True
gpt,1,test_003924,0,0,valid,,True
gpt,1,test_006308,2,2,valid,,True
gpt,1,test_001291,0,0,valid,,True
gpt,1,test_000244,0,0,valid,,True
gpt,1,test_000117,0,0,valid,,True
gpt,1,test_003171,0,0,valid,,True
gpt,1,test_005536,0,0,valid,,True
gpt,1,test_000190,0,0,valid,,True
gpt,1,test_004027,0,0,valid,,True
gpt,1,test_005276,1,1,valid,,True
gpt,1,test_001794,1,0,valid,,False
gpt,1,test_000616,0,0,valid,,True
gpt,1,test_000901,0,0,valid,,True
gpt,1,test_006303,1,1,valid,,True
gpt,1,test_004809,1,1,valid,,True
gpt,1,test_001154,0,0,valid,,True
gpt,1,test_003042,2,0,valid,,False
gpt,1,test_006154,0,0,valid,,True
gpt,1,test_006432,1,1,valid,,True
gpt,1,test_006715,0,0,valid,,True
gpt,1,test_001021,2,0,valid,,False
gpt,1,test_004785,2,0,valid,,False
gpt,1,test_002162,1,1,valid,,True
gpt,1,test_004784,1,1,valid,,True
gpt,1,test_006393,0,0,valid,,True
gpt,1,test_003553,2,0,valid,,False
gpt,1,test_003643,2,0,valid,,False
gpt,1,test_001275,0,0,valid,,True
gpt,1,test_003180,2,0,valid,,False
gpt,1,test_001980,2,0,valid,,False
gpt,1,test_005919,2,2,valid,,True
gpt,1,test_004255,2,0,valid,,False
gpt,1,test_005537,1,1,valid,,True
gpt,1,test_001296,0,0,valid,,True
gpt,1,test_002923,0,0,valid,,True
gpt,1,test_004636,1,1,valid,,True
gpt,1,test_006666,2,0,valid,,False
gpt,1,test_005177,2,0,valid,,False
gpt,1,test_005098,1,1,valid,,True
gpt,1,test_006663,0,0,valid,,True
gpt,1,test_003788,1,1,valid,,True
gpt,1,test_002866,0,0,valid,,True
gpt,1,test_000825,0,0,valid,,True
gpt,1,test_004792,0,0,valid,,True
gpt,1,test_000959,1,1,valid,,True
gpt,1,test_003629,1,1,valid,,True
gpt,1,test_003581,1,1,valid,,True
gpt,1,test_003330,2,0,valid,,False
gpt,1,test_003224,0,0,valid,,True
gpt,1,test_002563,1,1,valid,,True
gpt,1,test_005870,1,1,valid,,True
gpt,1,test_004675,1,1,valid,,True
gpt,1,test_001686,3,1,valid,,False
gpt,1,test_004497,0,0,valid,,True
gpt,1,test_002332,1,1,valid,,True
gpt,1,test_000119,2,2,valid,,True
gpt,1,test_001493,0,0,valid,,True
gpt,1,test_003506,0,0,valid,,True
gpt,1,test_000390,1,1,valid,,True
gpt,1,test_001645,1,1,valid,,True
gpt,1,test_003998,0,0,valid,,True
gpt,1,test_001750,1,1,valid,,True
gpt,1,test_006440,0,0,valid,,True
gpt,1,test_006661,0,0,valid,,True
gpt,1,test_004616,0,0,valid,,True
gpt,1,test_006743,2,0,valid,,False
gpt,1,test_002336,2,0,valid,,False
gpt,1,test_001570,1,1,valid,,True
gpt,1,test_001214,2,0,valid,,False
gpt,1,test_004798,1,1,valid,,True
gpt,1,test_005685,1,1,valid,,True
gpt,1,test_005980,0,0,valid,,True
gpt,1,test_001308,2,0,valid,,False
gpt,1,test_000317,0,0,valid,,True
gpt,1,test_004164,0,0,valid,,True
gpt,1,test_002878,2,0,valid,,False
gpt,1,test_005788,2,0,valid,,False
gpt,1,test_003446,2,2,valid,,True
gpt,1,test_005800,0,0,valid,,True
gpt,1,test_006537,2,2,valid,,True
gpt,1,test_004806,2,0,valid,,False
gpt,1,test_005878,0,0,valid,,True
gpt,1,test_001806,1,1,valid,,True
gpt,1,test_000202,2,0,valid,,False
gpt,1,test_000388,0,0,valid,,True
gpt,1,test_004821,1,1,valid,,True
gpt,1,test_006096,1,1,valid,,True
gpt,1,test_002832,2,0,valid,,False
gpt,1,test_003401,2,0,valid,,False
gpt,1,test_003723,0,0,valid,,True
gpt,1,test_004858,0,0,valid,,True
gpt,1,test_005315,1,1,valid,,True
gpt,1,test_000038,2,0,valid,,False
gpt,1,test_002953,0,0,valid,,True
gpt,1,test_001016,0,0,valid,,True
gpt,1,test_003735,0,0,valid,,True
gpt,1,test_002769,1,1,valid,,True
gpt,1,test_004797,0,0,valid,,True
gpt,1,test_000362,1,1,valid,,True
gpt,1,test_003640,0,0,valid,,True
gpt,1,test_006081,1,1,valid,,True
gpt,1,test_002888,2,0,valid,,False
gpt,1,test_003111,2,2,valid,,True
gpt,1,test_002808,0,0,valid,,True
gpt,1,test_005031,0,0,valid,,True
gpt,1,test_002449,0,0,valid,,True
gpt,1,test_004146,1,1,valid,,True
gpt,1,test_006488,2,2,valid,,True
gpt,1,test_002690,0,0,valid,,True
gpt,1,test_001804,3,1,valid,,False
gpt,1,test_006620,2,0,valid,,False
gpt,1,test_002541,0,0,valid,,True
gpt,1,test_006747,0,0,valid,,True
gpt,1,test_005651,0,0,valid,,True
gpt,1,test_002322,0,0,valid,,True
gpt,1,test_002141,0,0,valid,,True
gpt,1,test_002353,1,1,valid,,True
gpt,1,test_001247,2,0,valid,,False
gpt,1,test_002070,0,0,valid,,True
gpt,1,test_003391,2,0,valid,,False
gpt,1,test_006388,3,1,valid,,False
gpt,1,test_005864,2,0,valid,,False
gpt,1,test_003228,1,1,valid,,True
gpt,1,test_003762,1,1,valid,,True
gpt,1,test_002060,1,1,valid,,True
gpt,1,test_001640,1,1,valid,,True
gpt,1,test_005989,1,1,valid,,True
gpt,1,test_000294,0,0,valid,,True
gpt,1,test_003343,0,0,valid,,True
gpt,1,test_000412,1,1,valid,,True
gpt,1,test_004530,0,0,valid,,True
gpt,1,test_000016,0,0,valid,,True
gpt,1,test_006398,0,0,valid,,True
gpt,1,test_002961,2,2,valid,,True
gpt,1,test_005765,1,1,valid,,True
gpt,1,test_004330,2,0,valid,,False
gpt,1,test_002376,1,1,valid,,True
gpt,1,test_002433,1,1,valid,,True
gpt,1,test_003566,0,0,valid,,True
gpt,1,test_005630,0,0,valid,,True
gpt,1,test_005739,0,0,valid,,True
gpt,1,test_001771,0,0,valid,,True
gpt,1,test_006858,2,0,valid,,False
gpt,1,test_002872,0,0,valid,,True
gpt,1,test_005240,1,0,valid,,False
gpt,1,test_001994,0,0,valid,,True
gpt,1,test_002514,1,1,valid,,True
gpt,1,test_003512,1,1,valid,,True
gpt,1,test_000614,2,0,valid,,False
gpt,1,test_001633,0,0,valid,,True
gpt,1,test_005256,1,1,valid,,True
gpt,1,test_002774,2,0,valid,,False
gpt,1,test_005892,0,0,valid,,True
gpt,1,test_004455,1,1,valid,,True
gpt,1,test_002219,0,0,valid,,True
gpt,1,test_000950,3,1,valid,,False
gpt,1,test_000235,0,0,valid,,True
gpt,1,test_002435,1,1,valid,,True
gpt,1,test_002469,0,0,valid,,True
gpt,1,test_000830,0,0,valid,,True
gpt,1,test_005526,1,1,valid,,True
gpt,1,test_002538,1,1,valid,,True
gpt,1,test_001139,0,0,valid,,True
gpt,1,test_004120,2,0,valid,,False
gpt,1,test_000974,3,3,valid,,True
gpt,1,test_004723,0,0,valid,,True
gpt,1,test_002773,1,1,valid,,True
gpt,1,test_006211,0,0,valid,,True
gpt,1,test_002507,1,1,valid,,True
gpt,1,test_004978,1,1,valid,,True
gpt,1,test_006127,1,1,valid,,True
gpt,1,test_000556,1,1,valid,,True
gpt,1,test_004889,0,0,valid,,True
gpt,1,test_001542,1,1,valid,,True
gpt,1,test_002679,1,1,valid,,True
gpt,1,test_005524,0,0,valid,,True
gpt,1,test_003325,0,0,valid,,True
gpt,1,test_000899,0,0,valid,,True
gpt,1,test_001060,1,1,valid,,True
gpt,1,test_000395,0,0,valid,,True
gpt,1,test_006111,0,0,valid,,True
gpt,1,test_001887,1,1,valid,,True
gpt,1,test_002396,1,1,valid,,True
gpt,1,test_000060,2,0,valid,,False
gpt,1,test_004243,2,0,valid,,False
gpt,1,test_005392,1,1,valid,,True
gpt,1,test_003272,1,1,valid,,True
gpt,1,test_004854,0,0,valid,,True
gpt,1,test_003991,1,1,valid,,True
gpt,1,test_005764,2,2,valid,,True
gpt,1,test_005197,2,2,valid,,True
gpt,1,test_004682,0,0,valid,,True
gpt,1,test_003579,1,1,valid,,True
gpt,1,test_004807,0,0,valid,,True
gpt,1,test_002012,2,0,valid,,False
gpt,1,test_000524,0,0,valid,,True
gpt,1,test_004249,1,1,valid,,True
gpt,1,test_003363,2,2,valid,,True
gpt,1,test_003368,2,2,valid,,True
gpt,1,test_005408,1,1,valid,,True
gpt,1,test_004208,1,1,valid,,True
gpt,1,test_001848,2,0,valid,,False
gpt,1,test_004212,1,0,valid,,False
gpt,1,test_003810,1,1,valid,,True
gpt,1,test_005997,2,2,valid,,True
gpt,1,test_003342,3,1,valid,,False
gpt,1,test_004665,3,2,valid,,False
gpt,1,test_000590,0,0,valid,,True
gpt,1,test_003060,0,0,valid,,True
gpt,1,test_006235,0,0,valid,,True
gpt,1,test_004770,2,0,valid,,False
gpt,1,test_005431,2,0,valid,,False
gpt,1,test_006589,0,0,valid,,True
gpt,1,test_006002,0,0,valid,,True
gpt,1,test_000492,0,0,valid,,True
gpt,1,test_002869,1,0,valid,,False
gpt,1,test_005758,1,1,valid,,True
gpt,1,test_002192,2,0,valid,,False
gpt,1,test_002032,1,1,valid,,True
gpt,1,test_003584,1,1,valid,,True
gpt,1,test_006863,1,1,valid,,True
gpt,1,test_004474,1,1,valid,,True
gpt,1,test_001619,0,0,valid,,True
gpt,1,test_005638,0,0,valid,,True
gpt,1,test_006322,0,0,valid,,True
gpt,1,test_006184,3,1,valid,,False
gpt,1,test_000379,3,3,valid,,True
gpt,1,test_004465,1,1,valid,,True
gpt,1,test_002485,2,0,valid,,False
gpt,1,test_005644,2,0,valid,,False
gpt,1,test_003644,1,1,valid,,True
gpt,1,test_002076,2,0,valid,,False
gpt,1,test_003115,2,0,valid,,False
gpt,1,test_004822,1,1,valid,,True
gpt,1,test_002831,0,0,valid,,True
gpt,1,test_005232,0,0,valid,,True
gpt,1,test_006070,2,0,valid,,False
gpt,1,test_002928,1,1,valid,,True
gpt,1,test_000223,0,0,valid,,True
gpt,1,test_005323,2,0,valid,,False
gpt,1,test_003993,1,0,valid,,False
gpt,1,test_000066,2,0,valid,,False
gpt,1,test_000775,1,1,valid,,True
gpt,1,test_001944,1,0,valid,,False
gpt,1,test_000934,1,1,valid,,True
gpt,1,test_000666,1,1,valid,,True
gpt,1,test_005217,0,0,valid,,True
gpt,1,test_001409,3,1,valid,,False
gpt,1,test_003969,1,1,valid,,True
gpt,1,test_005172,0,0,valid,,True
gpt,1,test_003239,1,1,valid,,True
gpt,1,test_006636,1,1,valid,,True
gpt,1,test_005944,3,1,valid,,False
gpt,1,test_004451,2,0,valid,,False
gpt,1,test_002234,1,1,valid,,True
gpt,1,test_003709,3,3,valid,,True
gpt,1,test_002479,1,0,valid,,False
gpt,1,test_000793,2,0,valid,,False
gpt,1,test_005891,1,1,valid,,True
gpt,1,test_002709,1,1,valid,,True
gpt,1,test_005236,0,0,valid,,True
gpt,1,test_006026,0,0,valid,,True
gpt,1,test_001028,2,0,valid,,False
gpt,1,test_005083,1,1,valid,,True
gpt,1,test_004156,2,0,valid,,False
gpt,1,test_003191,1,1,valid,,True
gpt,1,test_002681,1,1,valid,,True
gpt,1,test_005778,1,1,valid,,True
gpt,1,test_004524,1,1,valid,,True
gpt,1,test_001985,2,0,valid,,False
gpt,1,test_005757,0,0,valid,,True
gpt,1,test_003079,1,1,valid,,True
gpt,1,test_000849,0,0,valid,,True
gpt,1,test_001248,1,1,valid,,True
gpt,1,test_002039,2,2,valid,,True
gpt,1,test_004496,2,0,valid,,False
gpt,1,test_006349,2,0,valid,,False
gpt,1,test_001333,0,0,valid,,True
gpt,1,test_001466,1,1,valid,,True
gpt,1,test_003236,0,0,valid,,True
gpt,1,test_002461,2,2,valid,,True
gpt,1,test_003324,2,0,valid,,False
gpt,1,test_005320,0,0,valid,,True
gpt,1,test_006776,3,1,valid,,False
gpt,1,test_000200,2,0,valid,,False
gpt,1,test_003110,2,0,valid,,False
gpt,1,test_004948,2,0,valid,,False
gpt,1,test_003972,1,1,valid,,True
gpt,1,test_005916,0,0,valid,,True
gpt,1,test_005479,1,1,valid,,True
gpt,1,test_003695,0,0,valid,,True
gpt,1,test_003600,0,0,valid,,True
gpt,1,test_003376,0,0,valid,,True
gpt,1,test_003546,3,1,valid,,False
gpt,1,test_000769,0,0,valid,,True
gpt,1,test_001312,3,1,valid,,False
gpt,1,test_003496,1,1,valid,,True
gpt,1,test_006272,2,2,valid,,True
gpt,1,test_002502,2,2,valid,,True
gpt,1,test_002599,0,0,valid,,True
gpt,1,test_001182,2,2,valid,,True
gpt,1,test_002043,2,2,valid,,True
gpt,1,test_000002,0,0,valid,,True
gpt,1,test_002161,0,0,valid,,True
gpt,1,test_001596,1,1,valid,,True
gpt,1,test_003633,0,0,valid,,True
gpt,1,test_004150,1,1,valid,,True
gpt,1,test_004321,2,0,valid,,False
gpt,1,test_004123,1,1,valid,,True
gpt,1,test_001581,1,1,valid,,True
gpt,1,test_006476,2,0,valid,,False
gpt,1,test_006794,1,1,valid,,True
gpt,1,test_004659,2,0,valid,,False
gpt,1,test_002205,2,0,valid,,False
gpt,1,test_002296,2,0,valid,,False
gpt,1,test_002590,1,1,valid,,True
gpt,1,test_004683,2,0,valid,,False
gpt,1,test_006731,0,0,valid,,True
gpt,1,test_006873,1,1,valid,,True
gpt,1,test_000474,0,0,valid,,True
gpt,1,test_004468,0,0,valid,,True
gpt,1,test_000563,2,2,valid,,True
gpt,1,test_005203,1,1,valid,,True
gpt,1,test_005727,2,0,valid,,False
gpt,1,test_006396,0,2,valid,,False
gpt,1,test_002349,3,3,valid,,True
gpt,1,test_000454,2,0,valid,,False
gpt,1,test_003104,0,0,valid,,True
gpt,1,test_006751,0,0,valid,,True
gpt,1,test_005222,0,0,valid,,True
gpt,1,test_004499,1,1,valid,,True
gpt,1,test_004278,0,0,valid,,True
gpt,1,test_004052,1,1,valid,,True
gpt,1,test_004964,0,0,valid,,True
gpt,1,test_002667,0,0,valid,,True
gpt,1,test_001262,1,1,valid,,True
gpt,1,test_000991,2,0,valid,,False
gpt,1,test_006527,1,1,valid,,True
gpt,1,test_005211,0,0,valid,,True
gpt,1,test_003776,1,0,valid,,False
gpt,1,test_000768,0,0,valid,,True
gpt,1,test_004805,1,1,valid,,True
gpt,1,test_002047,1,1,valid,,True
gpt,1,test_006381,3,1,valid,,False
gpt,1,test_004777,1,1,valid,,True
gpt,1,test_000980,0,0,valid,,True
gpt,1,test_006363,2,0,valid,,False
gpt,1,test_005262,0,0,valid,,True
gpt,1,test_003777,1,1,valid,,True
gpt,1,test_003943,2,0,valid,,False
gpt,1,test_001914,0,0,valid,,True
gpt,1,test_004469,2,0,valid,,False
gpt,1,test_003072,0,0,valid,,True
gpt,1,test_002967,0,0,valid,,True
gpt,1,test_004571,0,0,valid,,True
gpt,1,test_005381,1,1,valid,,True
gpt,1,test_005833,2,0,valid,,False
gpt,1,test_000688,2,0,valid,,False
gpt,1,test_006675,0,0,valid,,True
gpt,1,test_003681,1,1,valid,,True
gpt,1,test_006915,0,0,valid,,True
gpt,1,test_003329,0,0,valid,,True
gpt,1,test_004064,3,1,valid,,False
gpt,1,test_004289,1,1,valid,,True
gpt,1,test_006411,2,2,valid,,True
gpt,1,test_003962,0,0,valid,,True
gpt,1,test_001453,0,0,valid,,True
gpt,1,test_001597,1,1,valid,,True
gpt,1,test_002050,1,1,valid,,True
gpt,1,test_006765,2,0,valid,,False
gpt,1,test_005534,2,0,valid,,False
gpt,1,test_004298,1,1,valid,,True
gpt,1,test_004363,2,0,valid,,False
gpt,1,test_002729,0,0,valid,,True
gpt,1,test_003417,0,0,valid,,True
gpt,1,test_000878,0,0,valid,,True
gpt,1,test_000391,0,0,valid,,True
gpt,1,test_003374,2,0,valid,,False
gpt,1,test_002738,1,1,valid,,True
gpt,1,test_004136,2,0,valid,,False
gpt,1,test_003156,0,0,valid,,True
gpt,1,test_003760,2,0,valid,,False
gpt,1,test_000774,1,1,valid,,True
gpt,1,test_003766,2,0,valid,,False
gpt,1,test_005718,0,0,valid,,True
gpt,1,test_001527,2,0,valid,,False
gpt,1,test_001145,2,0,valid,,False
gpt,1,test_004662,0,0,valid,,True
gpt,1,test_000778,1,0,valid,,False
gpt,1,test_006327,0,0,valid,,True
gpt,1,test_001585,0,0,valid,,True
gpt,1,test_003959,2,0,valid,,False
gpt,1,test_006546,1,0,valid,,False
gpt,1,test_000770,2,0,valid,,False
gpt,1,test_003205,0,0,valid,,True
gpt,1,test_000338,1,1,valid,,True
gpt,1,test_004555,1,0,valid,,False
gpt,1,test_005872,0,0,valid,,True
gpt,1,test_005797,1,1,valid,,True
gpt,1,test_004542,1,1,valid,,True
gpt,1,test_001875,2,0,valid,,False
gpt,1,test_002675,0,0,valid,,True
gpt,1,test_003310,1,0,valid,,False
gpt,1,test_000870,0,0,valid,,True
gpt,1,test_003233,2,0,valid,,False
gpt,1,test_003533,0,0,valid,,True
gpt,1,test_000738,3,1,valid,,False
gpt,1,test_004916,0,0,valid,,True
gpt,1,test_002645,2,0,valid,,False
gpt,1,test_006777,1,1,valid,,True
gpt,1,test_004107,1,1,valid,,True
gpt,1,test_001854,3,1,valid,,False
gpt,1,test_001567,2,0,valid,,False
gpt,1,test_004068,0,0,valid,,True
gpt,1,test_006258,1,1,valid,,True
gpt,1,test_000520,2,0,valid,,False
gpt,1,test_002930,0,0,valid,,True
gpt,1,test_004422,1,1,valid,,True
gpt,1,test_003610,1,1,valid,,True
gpt,1,test_001445,0,0,valid,,True
gpt,1,test_006271,1,0,valid,,False
gpt,1,test_003359,0,0,valid,,True
gpt,1,test_002800,1,0,valid,,False
gpt,1,test_001933,1,1,valid,,True
gpt,1,test_002993,1,1,valid,,True
gpt,1,test_006132,0,0,valid,,True
gpt,1,test_001828,0,0,valid,,True
gpt,1,test_000797,1,1,valid,,True
gpt,1,test_000262,1,1,valid,,True
gpt,1,test_006475,0,0,valid,,True
gpt,1,test_002736,0,0,valid,,True
gpt,1,test_006071,1,1,valid,,True
gpt,1,test_002701,0,0,valid,,True
gpt,1,test_005297,1,1,valid,,True
gpt,1,test_004495,1,1,valid,,True
gpt,1,test_006612,0,0,valid,,True
gpt,1,test_004924,1,0,valid,,False
gpt,1,test_001365,1,1,valid,,True
gpt,1,test_006480,1,1,valid,,True
gpt,1,test_002539,0,0,valid,,True
gpt,1,test_006615,0,0,valid,,True
gpt,1,test_005796,1,1,valid,,True
gpt,1,test_002424,1,1,valid,,True
gpt,1,test_005358,1,1,valid,,True
gpt,1,test_002421,1,1,valid,,True
gpt,1,test_005618,0,0,valid,,True
gpt,1,test_006528,0,0,valid,,True
gpt,1,test_003448,2,2,valid,,True
gpt,1,test_003746,2,0,valid,,False
gpt,1,test_000885,0,0,valid,,True
gpt,1,test_000519,3,1,valid,,False
gpt,1,test_005089,2,0,valid,,False
gpt,1,test_006533,0,0,valid,,True
gpt,1,test_005741,2,2,valid,,True
gpt,1,test_000946,0,0,valid,,True
gpt,1,test_006606,1,1,valid,,True
gpt,1,test_006756,0,0,valid,,True
gpt,1,test_000766,1,1,valid,,True
gpt,1,test_005577,1,1,valid,,True
gpt,1,test_001690,2,0,valid,,False
gpt,1,test_004569,0,0,valid,,True
gpt,1,test_004749,1,1,valid,,True
gpt,1,test_004543,1,1,valid,,True
gpt,1,test_006891,0,0,valid,,True
gpt,1,test_001895,2,0,valid,,False
gpt,1,test_004895,0,0,valid,,True
gpt,1,test_002363,3,1,valid,,False
gpt,1,test_002482,1,1,valid,,True
gpt,1,test_001704,2,0,valid,,False
gpt,1,test_001868,1,1,valid,,True
gpt,1,test_005497,1,1,valid,,True
gpt,1,test_002745,2,0,valid,,False
gpt,1,test_002472,0,0,valid,,True
gpt,1,test_005779,1,1,valid,,True
gpt,1,test_002428,0,0,valid,,True
gpt,1,test_001184,2,2,valid,,True
gpt,1,test_002136,1,1,valid,,True
gpt,1,test_006397,1,1,valid,,True
gpt,1,test_000284,0,0,valid,,True
gpt,1,test_001708,1,1,valid,,True
gpt,1,test_003201,2,0,valid,,False
gpt,1,test_001663,0,0,valid,,True
gpt,1,test_001648,3,1,valid,,False
gpt,1,test_005175,0,0,valid,,True
gpt,1,test_001930,0,0,valid,,True
gpt,1,test_005883,1,1,valid,,True
gpt,1,test_004097,3,1,valid,,False
gpt,1,test_006037,2,0,valid,,False
gpt,1,test_002122,1,1,valid,,True
gpt,1,test_005751,2,0,valid,,False
gpt,1,test_001796,2,0,valid,,False
gpt,1,test_000971,2,0,valid,,False
gpt,1,test_000145,1,1,valid,,True
gpt,1,test_005268,3,1,valid,,False
gpt,1,test_000277,2,0,valid,,False
gpt,1,test_006723,1,1,valid,,True
gpt,1,test_006911,1,1,valid,,True
gpt,1,test_005181,1,1,valid,,True
gpt,1,test_002838,1,1,valid,,True
gpt,1,test_003092,2,0,valid,,False
gpt,1,test_000028,1,1,valid,,True
gpt,1,test_002946,1,1,valid,,True
gpt,1,test_004752,1,1,valid,,True
gpt,1,test_004029,2,0,valid,,False
gpt,1,test_000040,1,1,valid,,True
gpt,1,test_002151,2,0,valid,,False
gpt,1,test_006205,2,0,valid,,False
gpt,1,test_005068,0,0,valid,,True
gpt,1,test_005828,2,0,valid,,False
gpt,1,test_001568,0,0,valid,,True
gpt,1,test_003637,0,0,valid,,True
gpt,1,test_001256,0,0,valid,,True
gpt,1,test_000515,0,0,valid,,True
gpt,1,test_003913,0,0,valid,,True
gpt,1,test_004225,0,0,valid,,True
gpt,1,test_000004,0,0,valid,,True
gpt,1,test_004158,1,1,valid,,True
gpt,1,test_002958,1,1,valid,,True
gpt,1,test_002950,1,1,valid,,True
gpt,1,test_003222,1,1,valid,,True
gpt,1,test_003457,3,1,valid,,False
gpt,1,test_001715,0,0,valid,,True
gpt,1,test_004501,2,0,valid,,False
gpt,1,test_005535,3,1,valid,,False
gpt,1,test_004171,2,0,valid,,False
gpt,1,test_003146,2,0,valid,,False
gpt,1,test_006450,2,2,valid,,True
gpt,1,test_005754,0,0,valid,,True
gpt,1,test_006358,0,0,valid,,True
gpt,1,test_002595,1,1,valid,,True
gpt,1,test_004026,1,1,valid,,True
gpt,1,test_003514,3,1,valid,,False
gpt,1,test_006360,0,0,valid,,True
gpt,1,test_002109,1,1,valid,,True
gpt,1,test_002403,2,0,valid,,False
gpt,1,test_005127,2,0,valid,,False
gpt,1,test_003004,0,0,valid,,True
gpt,1,test_003118,0,0,valid,,True
gpt,1,test_005734,0,0,valid,,True
gpt,1,test_006545,1,1,valid,,True
gpt,1,test_000954,2,0,valid,,False
gpt,1,test_003952,0,0,valid,,True
gpt,1,test_004702,2,0,valid,,False
gpt,1,test_005475,1,0,valid,,False
gpt,1,test_005567,2,0,valid,,False
gpt,1,test_005487,2,0,valid,,False
gpt,1,test_003086,2,0,valid,,False
gpt,1,test_000938,0,0,valid,,True
gpt,1,test_006535,0,0,valid,,True
gpt,1,test_001753,1,1,valid,,True
gpt,1,test_003397,1,1,valid,,True
gpt,1,test_001827,2,0,valid,,False
gpt,1,test_002051,0,0,valid,,True
gpt,1,test_001156,0,0,valid,,True
gpt,1,test_003818,1,0,valid,,False
gpt,1,test_000914,2,0,valid,,False
gpt,1,test_006928,3,1,valid,,False
gpt,1,test_000804,2,2,valid,,True
gpt,1,test_001603,2,2,valid,,True
gpt,1,test_003597,1,1,valid,,True
gpt,1,test_001481,0,0,valid,,True
gpt,1,test_001120,0,0,valid,,True
gpt,1,test_000580,2,0,valid,,False
gpt,1,test_002612,1,0,valid,,False
gpt,1,test_006463,3,0,valid,,False
gpt,1,test_001668,2,0,valid,,False
gpt,1,test_005518,1,1,valid,,True
gpt,1,test_006690,2,0,valid,,False
gpt,1,test_004341,0,0,valid,,True
gpt,1,test_005319,2,2,valid,,True
gpt,1,test_005449,2,2,valid,,True
gpt,1,test_001673,1,1,valid,,True
gpt,1,test_002343,1,1,valid,,True
gpt,1,test_004613,0,0,valid,,True
gpt,1,test_004892,2,0,valid,,False
gpt,1,test_005596,1,1,valid,,True
gpt,1,test_004933,1,1,valid,,True
gpt,1,test_005801,2,0,valid,,False
gpt,1,test_006457,0,0,valid,,True
gpt,1,test_000146,1,1,valid,,True
gpt,1,test_004389,0,0,valid,,True
gpt,1,test_006972,2,2,valid,,True
gpt,1,test_000886,1,1,valid,,True
gpt,1,test_001388,2,2,valid,,True
gpt,1,test_002551,1,1,valid,,True
gpt,1,test_004491,2,0,valid,,False
gpt,1,test_001834,1,1,valid,,True
gpt,1,test_000154,2,0,valid,,False
gpt,1,test_000933,2,0,valid,,False
gpt,1,test_005255,2,0,valid,,False
gpt,1,test_001384,2,2,valid,,True
gpt,1,test_006502,1,1,valid,,True
gpt,1,test_002385,2,0,valid,,False
gpt,1,test_000005,1,1,valid,,True
gpt,1,test_004242,1,0,valid,,False
gpt,1,test_005530,0,0,valid,,True
gpt,1,test_005135,1,0,valid,,False
gpt,1,test_005158,2,0,valid,,False
gpt,1,test_005264,1,0,valid,,False
gpt,1,test_004621,0,0,valid,,True
gpt,1,test_001063,1,1,valid,,True
gpt,1,test_001076,3,1,valid,,False
gpt,1,test_004223,0,0,valid,,True
gpt,1,test_005254,0,0,valid,,True
gpt,1,test_002489,1,1,valid,,True
gpt,1,test_000827,1,1,valid,,True
gpt,1,test_006920,1,1,valid,,True
gpt,1,test_004748,0,0,valid,,True
gpt,1,test_004444,0,0,valid,,True
gpt,1,test_001970,2,2,valid,,True
gpt,1,test_002994,1,1,valid,,True
gpt,1,test_002824,0,0,valid,,True
gpt,1,test_001167,0,0,valid,,True
gpt,1,test_001976,2,0,valid,,False
gpt,1,test_006916,0,0,valid,,True
gpt,1,test_005063,2,0,valid,,False
gpt,1,test_000713,0,0,valid,,True
gpt,1,test_002444,1,1,valid,,True
gpt,1,test_002734,1,1,valid,,True
gpt,1,test_004177,1,1,valid,,True
gpt,1,test_000628,2,2,valid,,True
gpt,1,test_003301,1,1,valid,,True
gpt,1,test_003965,1,1,valid,,True
gpt,1,test_002782,0,0,valid,,True
gpt,1,test_005073,0,0,valid,,True
gpt,1,test_001757,0,0,valid,,True
gpt,1,test_003266,0,0,valid,,True
gpt,1,test_004311,2,0,valid,,False
gpt,1,test_004452,1,1,valid,,True
gpt,1,test_006462,2,0,valid,,False
gpt,1,test_005145,1,1,valid,,True
gpt,1,test_003190,1,1,valid,,True
gpt,1,test_000760,0,0,valid,,True
gpt,1,test_005131,2,2,valid,,True
gpt,1,test_002756,1,1,valid,,True
gpt,1,test_002713,0,0,valid,,True
gpt,1,test_006674,1,1,valid,,True
gpt,1,test_002188,0,0,valid,,True
gpt,1,test_000053,3,1,valid,,False
gpt,1,test_004711,2,0,valid,,False
gpt,1,test_005578,1,1,valid,,True
gpt,1,test_000098,1,1,valid,,True
gpt,1,test_004186,3,3,valid,,True
gpt,1,test_004364,2,0,valid,,False
gpt,1,test_003356,2,0,valid,,False
gpt,1,test_006015,0,0,valid,,True
gpt,1,test_004699,1,1,valid,,True
gpt,1,test_002938,1,1,valid,,True
gpt,1,test_005713,0,0,valid,,True
gpt,1,test_000021,3,3,valid,,True
gpt,1,test_005442,1,0,valid,,False
gpt,1,test_000989,0,0,valid,,True
gpt,1,test_000510,2,0,valid,,False
gpt,1,test_003719,3,1,valid,,False
gpt,1,test_005122,0,0,valid,,True
gpt,1,test_001719,3,1,valid,,False
gpt,1,test_005898,0,0,valid,,True
gpt,1,test_004185,0,0,valid,,True
gpt,1,test_003498,1,1,valid,,True
gpt,1,test_004729,0,0,valid,,True
gpt,1,test_003345,1,1,valid,,True
gpt,1,test_005730,1,1,valid,,True
gpt,1,test_002362,2,2,valid,,True
gpt,1,test_001863,2,0,valid,,False
gpt,1,test_003687,1,1,valid,,True
gpt,1,test_005586,2,2,valid,,True
gpt,1,test_000704,0,0,valid,,True
gpt,1,test_005632,1,1,valid,,True
gpt,1,test_003108,1,1,valid,,True
gpt,1,test_001622,0,0,valid,,True
gpt,1,test_001524,0,0,valid,,True
gpt,1,test_006607,0,0,valid,,True
gpt,1,test_005580,0,0,valid,,True
gpt,1,test_003474,1,1,valid,,True
gpt,1,test_005877,1,1,valid,,True
gpt,1,test_005051,2,0,valid,,False
gpt,1,test_005299,1,1,valid,,True
gpt,1,test_004179,0,0,valid,,True
gpt,1,test_000125,2,0,valid,,False
gpt,1,test_006448,3,1,valid,,False
gpt,1,test_005248,0,0,valid,,True
gpt,1,test_005407,0,0,valid,,True
gpt,1,test_000692,1,1,valid,,True
gpt,1,test_005625,1,0,valid,,False
gpt,1,test_000345,2,0,valid,,False
gpt,1,test_003005,2,0,valid,,False
gpt,1,test_002849,0,0,valid,,True
gpt,1,test_006082,1,1,valid,,True
gpt,1,test_002524,1,1,valid,,True
gpt,1,test_001065,0,0,valid,,True
gpt,1,test_004549,2,2,valid,,True
gpt,1,test_002286,0,0,valid,,True
gpt,1,test_002657,1,1,valid,,True
gpt,1,test_000094,0,0,valid,,True
gpt,1,test_001908,3,1,valid,,False
gpt,1,test_005915,2,2,valid,,True
gpt,1,test_004670,0,0,valid,,True
gpt,1,test_000186,2,2,valid,,True
gpt,1,test_000470,2,0,valid,,False
gpt,1,test_000919,0,0,valid,,True
gpt,1,test_000161,1,1,valid,,True
gpt,1,test_003507,0,0,valid,,True
gpt,1,test_001265,2,0,valid,,False
gpt,1,test_000148,2,0,valid,,False
gpt,1,test_005675,0,0,valid,,True
gpt,1,test_000137,1,1,valid,,True
gpt,1,test_005034,0,0,valid,,True
gpt,1,test_002613,1,1,valid,,True
gpt,1,test_002506,0,0,valid,,True
gpt,1,test_003812,1,0,valid,,False
gpt,1,test_001841,0,0,valid,,True
gpt,1,test_001528,1,1,valid,,True
gpt,1,test_005415,0,0,valid,,True
gpt,1,test_000513,0,0,valid,,True
gpt,1,test_006515,1,1,valid,,True
gpt,1,test_005922,2,0,valid,,False
gpt,1,test_000153,1,0,valid,,False
gpt,1,test_000271,0,0,valid,,True
gpt,1,test_004485,3,1,valid,,False
gpt,1,test_000953,1,1,valid,,True
gpt,1,test_002160,1,1,valid,,True
gpt,1,test_001857,1,1,valid,,True
gpt,1,test_002200,0,0,valid,,True
gpt,1,test_001495,2,0,valid,,False
gpt,1,test_004612,0,0,valid,,True
gpt,1,test_001975,2,0,valid,,False
gpt,1,test_003738,0,0,valid,,True
gpt,1,test_000364,0,0,valid,,True
gpt,1,test_003120,0,0,valid,,True
gpt,1,test_002108,1,1,valid,,True
gpt,1,test_001521,0,0,valid,,True
gpt,1,test_005463,2,0,valid,,False
gpt,1,test_002152,2,0,valid,,False
gpt,1,test_003983,2,0,valid,,False
gpt,1,test_006455,3,1,valid,,False
gpt,1,test_003490,3,1,valid,,False
gpt,1,test_006912,0,0,valid,,True
gpt,1,test_004429,3,3,valid,,True
gpt,1,test_006435,1,0,valid,,False
gpt,1,test_001062,2,0,valid,,False
gpt,1,test_000635,0,0,valid,,True
gpt,1,test_000130,1,1,valid,,True
gpt,1,test_005383,2,0,valid,,False
gpt,1,test_006470,2,0,valid,,False
gpt,1,test_005208,1,1,valid,,True
gpt,1,test_002082,0,0,valid,,True
gpt,1,test_001348,0,0,valid,,True
gpt,1,test_006969,3,1,valid,,False
gpt,1,test_003853,0,0,valid,,True
gpt,1,test_003028,0,0,valid,,True
gpt,1,test_002768,0,0,valid,,True
gpt,1,test_002030,0,0,valid,,True
gpt,1,test_005376,2,2,valid,,True
gpt,1,test_004492,0,0,valid,,True
gpt,1,test_006181,1,1,valid,,True
gpt,1,test_001574,0,0,valid,,True
gpt,1,test_000646,0,0,valid,,True
gpt,1,test_000906,0,0,valid,,True
gpt,1,test_004533,2,0,valid,,False
gpt,1,test_000924,2,0,valid,,False
gpt,1,test_000357,2,2,valid,,True
gpt,1,test_000995,2,0,valid,,False
gpt,1,test_000335,1,1,valid,,True
gpt,1,test_003068,0,0,valid,,True
gpt,1,test_005450,2,0,valid,,False
gpt,1,test_004719,1,1,valid,,True
gpt,1,test_005150,1,1,valid,,True
gpt,1,test_002703,0,0,valid,,True
gpt,1,test_004218,1,1,valid,,True
gpt,1,test_005226,2,0,valid,,False
gpt,1,test_003744,1,1,valid,,True
gpt,1,test_003432,0,0,valid,,True
gpt,1,test_000477,0,0,valid,,True
gpt,1,test_004980,1,1,valid,,True
gpt,1,test_004000,2,0,valid,,False
gpt,1,test_003242,2,0,valid,,False
gpt,1,test_000728,1,1,valid,,True
gpt,1,test_006227,0,0,valid,,True
gpt,1,test_006330,0,0,valid,,True
gpt,1,test_000894,1,1,valid,,True
gpt,1,test_002933,0,0,valid,,True
gpt,1,test_000224,2,0,valid,,False
gpt,1,test_004277,2,0,valid,,False
gpt,1,test_001792,2,0,valid,,False
gpt,1,test_003051,3,0,valid,,False
gpt,1,test_003302,1,0,valid,,False
gpt,1,test_004268,0,0,valid,,True
gpt,1,test_002026,1,1,valid,,True
gpt,1,test_006174,0,0,valid,,True
gpt,1,test_004227,1,0,valid,,False
gpt,1,test_001734,0,0,valid,,True
gpt,1,test_002779,2,0,valid,,False
gpt,1,test_000242,0,0,valid,,True
gpt,1,test_002084,2,0,valid,,False
gpt,1,test_006942,1,1,valid,,True
gpt,1,test_001981,3,1,valid,,False
gpt,1,test_003797,2,0,valid,,False
gpt,1,test_003894,3,1,valid,,False
gpt,1,test_002033,1,1,valid,,True
gpt,1,test_003281,1,1,valid,,True
gpt,1,test_005585,1,1,valid,,True
gpt,1,test_000467,0,0,valid,,True
gpt,1,test_000232,2,0,valid,,False
gpt,1,test_001607,0,0,valid,,True
gpt,1,test_000740,1,0,valid,,False
gpt,1,test_000608,2,0,valid,,False
gpt,1,test_003981,1,1,valid,,True
gpt,1,test_006301,1,1,valid,,True
gpt,1,test_006064,3,0,valid,,False
gpt,1,test_001819,2,0,valid,,False
gpt,1,test_000860,2,0,valid,,False
gpt,1,test_005476,0,0,valid,,True
gpt,1,test_001984,1,0,valid,,False
gpt,1,test_003510,1,1,valid,,True
gpt,1,test_002632,0,0,valid,,True
gpt,1,test_001059,1,1,valid,,True
gpt,1,test_005134,1,1,valid,,True
gpt,1,test_005674,0,0,valid,,True
gpt,1,test_001077,2,2,valid,,True
gpt,1,test_003775,1,1,valid,,True
gpt,1,test_003517,0,0,valid,,True
gpt,1,test_001529,2,0,valid,,False
gpt,1,test_003521,1,1,valid,,True
gpt,1,test_001081,2,0,valid,,False
gpt,1,test_005088,0,0,valid,,True
gpt,1,test_004459,0,0,valid,,True
gpt,1,test_003741,0,0,valid,,True
gpt,1,test_004849,1,1,valid,,True
gpt,1,test_000143,1,1,valid,,True
gpt,1,test_001724,0,0,valid,,True
gpt,1,test_000791,0,0,valid,,True
gpt,1,test_002975,1,1,valid,,True
gpt,1,test_000992,2,0,valid,,False
gpt,1,test_002870,2,0,valid,,False
gpt,1,test_003675,1,1,valid,,True
gpt,1,test_005348,0,0,valid,,True
gpt,1,test_004312,3,1,valid,,False
gpt,1,test_003280,1,1,valid,,True
gpt,1,test_002180,1,1,valid,,True
gpt,1,test_001639,3,1,valid,,False
gpt,1,test_003920,0,0,valid,,True
gpt,1,test_005005,1,1,valid,,True
gpt,1,test_003223,1,1,valid,,True
gpt,1,test_000394,0,0,valid,,True
gpt,1,test_002853,1,1,valid,,True
gpt,1,test_003899,2,2,valid,,True
gpt,1,test_000055,0,0,valid,,True
gpt,1,test_004324,0,0,valid,,True
gpt,1,test_003627,1,1,valid,,True
gpt,1,test_005640,0,0,valid,,True
gpt,1,test_002261,0,0,valid,,True
gpt,1,test_003451,0,0,valid,,True
gpt,1,test_003530,0,0,valid,,True
gpt,1,test_001838,2,0,valid,,False
gpt,1,test_002982,0,0,valid,,True
gpt,1,test_003564,1,1,valid,,True
gpt,1,test_001982,1,1,valid,,True
gpt,1,test_000133,0,0,valid,,True
gpt,1,test_000260,0,0,valid,,True
gpt,1,test_004737,2,0,valid,,False
gpt,1,test_001555,2,2,valid,,True
gpt,1,test_006356,0,0,valid,,True
gpt,1,test_002593,0,0,valid,,True
gpt,1,test_001761,1,1,valid,,True
gpt,1,test_004611,1,1,valid,,True
gpt,1,test_006236,0,0,valid,,True
gpt,1,test_006458,2,0,valid,,False
gpt,1,test_004276,1,1,valid,,True
gpt,1,test_003212,1,1,valid,,True
gpt,1,test_004297,0,0,valid,,True
gpt,1,test_005571,1,1,valid,,True
gpt,1,test_004681,0,0,valid,,True
gpt,1,test_001679,2,0,valid,,False
gpt,1,test_002546,0,0,valid,,True
gpt,1,test_004843,1,1,valid,,True
gpt,1,test_006059,1,1,valid,,True
gpt,1,test_001331,2,0,valid,,False
gpt,1,test_002558,0,0,valid,,True
gpt,1,test_000036,1,1,valid,,True
gpt,1,test_001958,0,0,valid,,True
gpt,1,test_001252,0,0,valid,,True
gpt,1,test_001899,0,0,valid,,True
gpt,1,test_006808,1,1,valid,,True
gpt,1,test_006368,2,0,valid,,False
gpt,1,test_006263,0,0,valid,,True
gpt,1,test_003241,0,0,valid,,True
gpt,1,test_003594,1,1,valid,,True
gpt,1,test_001986,2,0,valid,,False
gpt,1,test_006287,1,0,valid,,False
gpt,1,test_005423,2,0,valid,,False
gpt,1,test_004199,1,1,valid,,True
gpt,1,test_006656,2,2,valid,,True
gpt,1,test_002919,0,0,valid,,True
gpt,1,test_002956,2,2,valid,,True
gpt,1,test_002106,0,0,valid,,True
gpt,1,test_004795,1,1,valid,,True
gpt,1,test_004132,1,1,valid,,True
gpt,1,test_006975,2,2,valid,,True
gpt,1,test_004167,1,1,valid,,True
gpt,1,test_002508,1,1,valid,,True
gpt,1,test_003385,0,0,valid,,True
gpt,1,test_003293,1,1,valid,,True
gpt,1,test_006597,2,0,valid,,False
gpt,1,test_004433,3,3,valid,,True
gpt,1,test_000716,2,0,valid,,False
gpt,1,test_002049,1,1,valid,,True
gpt,1,test_005895,3,3,valid,,True
gpt,1,test_004300,2,0,valid,,False
gpt,1,test_000064,2,0,valid,,False
gpt,1,test_003511,1,1,valid,,True
gpt,1,test_006120,2,0,valid,,False
gpt,1,test_004973,0,0,valid,,True
gpt,1,test_002737,3,1,valid,,False
gpt,1,test_001763,0,0,valid,,True
gpt,1,test_005353,2,0,valid,,False
gpt,1,test_000609,2,2,valid,,True
gpt,1,test_006164,2,0,valid,,False
gpt,1,test_004142,0,0,valid,,True
gpt,1,test_001913,0,0,valid,,True
gpt,1,test_006596,1,1,valid,,True
gpt,1,test_005468,0,0,valid,,True
gpt,1,test_005336,0,0,valid,,True
gpt,1,test_006407,1,1,valid,,True
gpt,1,test_002573,0,0,valid,,True
gpt,1,test_003219,3,1,valid,,False
gpt,1,test_002904,2,0,valid,,False
gpt,1,test_001865,0,0,valid,,True
gpt,1,test_005056,0,0,valid,,True
gpt,1,test_006119,2,0,valid,,False
gpt,1,test_000197,1,1,valid,,True
gpt,1,test_000717,0,0,valid,,True
gpt,1,test_005301,0,0,valid,,True
gpt,1,test_000853,0,0,valid,,True
gpt,1,test_001300,3,1,valid,,False
gpt,1,test_004090,0,0,valid,,True
gpt,1,test_001687,3,0,valid,,False
gpt,1,test_004191,1,1,valid,,True
gpt,1,test_004627,0,0,valid,,True
gpt,1,test_004286,0,0,valid,,True
gpt,1,test_003823,0,0,valid,,True
gpt,1,test_005293,1,1,valid,,True
gpt,1,test_005851,0,0,valid,,True
gpt,1,test_004736,1,0,valid,,False
gpt,1,test_006253,0,0,valid,,True
gpt,1,test_004432,0,0,valid,,True
gpt,1,test_004521,1,1,valid,,True
gpt,1,test_000502,2,0,valid,,False
gpt,1,test_000709,2,0,valid,,False
gpt,1,test_000943,0,0,valid,,True
gpt,1,test_000504,0,0,valid,,True
gpt,1,test_001122,0,0,valid,,True
gpt,1,test_004976,2,0,valid,,False
gpt,1,test_000686,2,2,valid,,True
gpt,1,test_004057,2,2,valid,,True
gpt,1,test_003175,1,1,valid,,True
gpt,1,test_002203,0,0,valid,,True
gpt,1,test_000663,0,0,valid,,True
gpt,1,test_000455,0,0,valid,,True
gpt,1,test_001855,0,0,valid,,True
gpt,1,test_002719,1,0,valid,,False
gpt,1,test_005803,2,0,valid,,False
gpt,1,test_000600,1,1,valid,,True
gpt,1,test_002682,2,0,valid,,False
gpt,1,test_000337,0,0,valid,,True
gpt,1,test_004910,0,0,valid,,True
gpt,1,test_001636,0,0,valid,,True
gpt,1,test_000165,1,1,valid,,True
gpt,1,test_001823,2,0,valid,,False
gpt,1,test_006921,0,0,valid,,True
gpt,1,test_000009,2,0,valid,,False
gpt,1,test_002175,0,0,valid,,True
gpt,1,test_000806,0,0,valid,,True
gpt,1,test_004646,0,0,valid,,True
gpt,1,test_003287,0,0,valid,,True
gpt,1,test_000466,2,0,valid,,False
gpt,1,test_005750,0,0,valid,,True
gpt,1,test_004859,1,1,valid,,True
gpt,1,test_004021,1,1,valid,,True
gpt,1,test_000400,0,0,valid,,True
gpt,1,test_002511,1,1,valid,,True
gpt,1,test_004494,1,1,valid,,True
gpt,1,test_005881,1,0,valid,,False
gpt,1,test_000537,2,0,valid,,False
gpt,1,test_003508,0,0,valid,,True
gpt,1,test_003953,1,1,valid,,True
gpt,1,test_005109,1,1,valid,,True
gpt,1,test_001685,1,0,valid,,False
gpt,1,test_003884,2,0,valid,,False
gpt,1,test_005909,0,0,valid,,True
gpt,1,test_003117,1,0,valid,,False
gpt,1,test_006842,0,0,valid,,True
gpt,1,test_005279,0,0,valid,,True
gpt,1,test_001856,0,0,valid,,True
gpt,1,test_002129,2,0,valid,,False
gpt,1,test_004282,0,0,valid,,True
gpt,1,test_004014,1,1,valid,,True
gpt,1,test_001785,1,1,valid,,True
gpt,1,test_001906,1,1,valid,,True
gpt,1,test_002027,0,0,valid,,True
gpt,1,test_002443,3,1,valid,,False
gpt,1,test_000116,0,0,valid,,True
gpt,1,test_003430,0,0,valid,,True
gpt,1,test_002294,2,0,valid,,False
gpt,1,test_000795,0,0,valid,,True
gpt,1,test_006438,3,3,valid,,True
gpt,1,test_005731,1,0,valid,,False
gpt,1,test_005753,0,0,valid,,True
gpt,1,test_000588,3,1,valid,,False
gpt,1,test_002965,0,0,valid,,True
gpt,1,test_003791,2,0,valid,,False
gpt,1,test_002017,1,1,valid,,True
gpt,1,test_005701,1,1,valid,,True
gpt,1,test_006052,1,1,valid,,True
gpt,1,test_004361,1,1,valid,,True
gpt,1,test_000813,2,2,valid,,True
gpt,1,test_005116,0,0,valid,,True
gpt,1,test_001762,3,1,valid,,False
gpt,1,test_000571,0,0,valid,,True
gpt,1,test_003636,1,1,valid,,True
gpt,1,test_004265,1,1,valid,,True
gpt,1,test_000127,1,1,valid,,True
gpt,1,test_006380,0,0,valid,,True
gpt,1,test_000884,0,0,valid,,True
gpt,1,test_002806,1,1,valid,,True
gpt,1,test_004551,1,1,valid,,True
gpt,1,test_002062,0,0,valid,,True
gpt,1,test_003602,1,1,valid,,True
gpt,1,test_003847,0,0,valid,,True
gpt,1,test_003569,0,0,valid,,True
gpt,1,test_001853,0,0,valid,,True
gpt,1,test_005401,2,0,valid,,False
gpt,1,test_006616,3,3,valid,,True
gpt,1,test_004876,2,0,valid,,False
gpt,1,test_003449,0,0,valid,,True
gpt,1,test_000213,3,1,valid,,False
gpt,1,test_001040,0,0,valid,,True
gpt,1,test_002597,0,0,valid,,True
gpt,1,test_001500,2,0,valid,,False
gpt,1,test_006031,2,0,valid,,False
gpt,1,test_001707,1,1,valid,,True
gpt,1,test_003696,0,0,valid,,True
gpt,1,test_003261,3,1,valid,,False
gpt,1,test_001148,2,0,valid,,False
gpt,1,test_000956,0,0,valid,,True
gpt,1,test_005732,1,1,valid,,True
gpt,1,test_003157,0,0,valid,,True
gpt,1,test_002074,2,0,valid,,False
gpt,1,test_001218,0,0,valid,,True
gpt,1,test_004285,2,0,valid,,False
gpt,1,test_003465,0,0,valid,,True
gpt,1,test_003561,3,1,valid,,False
gpt,1,test_006390,2,0,valid,,False
gpt,1,test_003124,0,0,valid,,True
gpt,1,test_000814,2,0,valid,,False
gpt,1,test_004493,1,1,valid,,True
gpt,1,test_000675,2,2,valid,,True
gpt,1,test_004744,1,1,valid,,True
gpt,1,test_006968,1,0,valid,,False
gpt,1,test_005443,2,0,valid,,False
gpt,1,test_002455,0,0,valid,,True
gpt,1,test_006720,1,1,valid,,True
gpt,1,test_001202,0,0,valid,,True
gpt,1,test_006662,0,0,valid,,True
gpt,1,test_005726,2,2,valid,,True
gpt,1,test_002128,0,0,valid,,True
gpt,1,test_003030,1,1,valid,,True
gpt,1,test_002861,0,0,valid,,True
gpt,1,test_006401,1,1,valid,,True
gpt,1,test_002491,0,0,valid,,True
gpt,1,test_006293,2,2,valid,,True
gpt,1,test_001571,2,0,valid,,False
gpt,1,test_003202,0,0,valid,,True
gpt,1,test_002504,3,1,valid,,False
gpt,1,test_006809,2,0,valid,,False
gpt,1,test_005949,0,0,valid,,True
gpt,1,test_005699,2,0,valid,,False
gpt,1,test_003304,1,1,valid,,True
gpt,1,test_005308,0,0,valid,,True
gpt,1,test_003152,2,0,valid,,False
gpt,1,test_003798,0,0,valid,,True
gpt,1,test_000854,2,0,valid,,False
gpt,1,test_006242,1,1,valid,,True
gpt,1,test_004415,0,0,valid,,True
gpt,1,test_000126,0,0,valid,,True
gpt,1,test_003419,0,0,valid,,True
gpt,1,test_003840,1,1,valid,,True
gpt,1,test_000285,0,0,valid,,True
gpt,1,test_006182,1,1,valid,,True
gpt,1,test_003701,1,1,valid,,True
gpt,1,test_006190,1,1,valid,,True
gpt,1,test_003267,1,1,valid,,True
gpt,1,test_005512,0,0,valid,,True
gpt,1,test_003300,2,0,valid,,False
gpt,1,test_002871,2,2,valid,,True
gpt,1,test_004873,0,0,valid,,True
gpt,1,test_000732,2,0,valid,,False
gpt,1,test_001282,1,1,valid,,True
gpt,1,test_003850,1,1,valid,,True
gpt,1,test_003645,1,1,valid,,True
gpt,1,test_004131,1,1,valid,,True
gpt,1,test_006735,0,0,valid,,True
gpt,1,test_006128,0,0,valid,,True
gpt,1,test_006222,1,1,valid,,True
gpt,1,test_003389,2,0,valid,,False
gpt,1,test_005745,0,0,valid,,True
gpt,1,test_000077,0,0,valid,,True
gpt,1,test_002158,1,1,valid,,True
gpt,1,test_001843,0,0,valid,,True
gpt,1,test_006971,0,0,valid,,True
gpt,1,test_005126,3,1,valid,,False
gpt,1,test_006887,1,1,valid,,True
gpt,1,test_006977,3,1,valid,,False
gpt,1,test_000987,3,0,valid,,False
gpt,1,test_005136,2,2,valid,,True
gpt,1,test_001573,1,1,valid,,True
gpt,1,test_003596,1,1,valid,,True
gpt,1,test_000481,1,1,valid,,True
gpt,1,test_001118,3,3,valid,,True
gpt,1,test_005581,0,0,valid,,True
gpt,1,test_003440,1,1,valid,,True
gpt,1,test_006305,0,0,valid,,True
gpt,1,test_000603,1,1,valid,,True
gpt,1,test_004887,2,0,valid,,False
gpt,1,test_000536,1,1,valid,,True
gpt,1,test_005569,0,0,valid,,True
gpt,1,test_004548,3,1,valid,,False
gpt,1,test_002712,2,0,valid,,False
gpt,1,test_006220,0,0,valid,,True
gpt,1,test_005043,2,0,valid,,False
gpt,1,test_001141,0,0,valid,,True
gpt,1,test_000488,2,0,valid,,False
gpt,1,test_002711,1,1,valid,,True
gpt,1,test_003452,1,1,valid,,True
gpt,1,test_006179,0,0,valid,,True
gpt,1,test_005124,1,1,valid,,True
gpt,1,test_002393,2,0,valid,,False
gpt,1,test_003713,0,0,valid,,True
gpt,1,test_004135,1,1,valid,,True
gpt,1,test_006047,2,0,valid,,False
gpt,1,test_002193,1,1,valid,,True
gpt,1,test_001050,1,1,valid,,True
gpt,1,test_004544,1,1,valid,,True
gpt,1,test_005139,2,0,valid,,False
gpt,1,test_004565,0,0,valid,,True
gpt,1,test_004197,0,0,valid,,True
gpt,1,test_006771,1,1,valid,,True
gpt,1,test_004124,1,1,valid,,True
gpt,1,test_005147,1,1,valid,,True
gpt,1,test_001240,0,0,valid,,True
gpt,1,test_005280,2,2,valid,,True
gpt,1,test_005511,1,1,valid,,True
gpt,1,test_003141,1,0,valid,,False
gpt,1,test_005467,0,0,valid,,True
gpt,1,test_003067,0,0,valid,,True
gpt,1,test_002935,2,0,valid,,False
gpt,1,test_004134,0,0,valid,,True
gpt,1,test_001012,0,0,valid,,True
gpt,1,test_006343,1,1,valid,,True
gpt,1,test_004116,2,0,valid,,False
gpt,1,test_000273,1,1,valid,,True
gpt,1,test_001217,2,0,valid,,False
gpt,1,test_000255,0,0,valid,,True
gpt,1,test_004566,0,0,valid,,True
gpt,1,test_003549,3,3,valid,,True
gpt,1,test_003020,1,1,valid,,True
gpt,1,test_006099,2,0,valid,,False
gpt,1,test_003160,0,0,valid,,True
gpt,1,test_004234,2,0,valid,,False
gpt,1,test_006042,1,1,valid,,True
gpt,1,test_002075,0,0,valid,,True
gpt,1,test_004232,1,1,valid,,True
gpt,1,test_002568,0,0,valid,,True
gpt,1,test_001997,0,0,valid,,True
gpt,1,test_004598,2,0,valid,,False
gpt,1,test_005667,2,0,valid,,False
gpt,1,test_001484,0,0,valid,,True
gpt,1,test_006673,0,0,valid,,True
gpt,1,test_002896,1,0,valid,,False
gpt,1,test_004875,2,0,valid,,False
gpt,1,test_001069,3,1,valid,,False
gpt,1,test_006889,2,2,valid,,True
gpt,1,test_005191,0,0,valid,,True
gpt,1,test_005725,1,0,valid,,False
gpt,1,test_005857,0,0,valid,,True
gpt,1,test_002814,0,0,valid,,True
gpt,1,test_005566,2,0,valid,,False
gpt,1,test_005747,1,1,valid,,True
gpt,1,test_006489,2,0,valid,,False
gpt,1,test_005142,0,0,valid,,True
gpt,1,test_000750,3,0,valid,,False
gpt,1,test_001254,1,1,valid,,True
gpt,1,test_004893,0,0,valid,,True
gpt,1,test_006413,2,0,valid,,False
gpt,1,test_005029,2,0,valid,,False
gpt,1,test_000951,1,1,valid,,True
gpt,1,test_003736,0,0,valid,,True
gpt,1,test_006512,0,0,valid,,True
gpt,1,test_004178,1,1,valid,,True
gpt,1,test_000574,2,2,valid,,True
gpt,1,test_004061,2,0,valid,,False
gpt,1,test_006259,1,1,valid,,True
gpt,1,test_006618,0,0,valid,,True
gpt,1,test_004473,0,0,valid,,True
gpt,1,test_006389,2,0,valid,,False
gpt,1,test_004425,0,0,valid,,True
gpt,1,test_002901,2,2,valid,,True
gpt,1,test_003420,1,1,valid,,True
gpt,1,test_004117,0,0,valid,,True
gpt,1,test_000876,0,0,valid,,True
gpt,1,test_003999,0,0,valid,,True
gpt,1,test_000512,0,0,valid,,True
gpt,1,test_002125,0,0,valid,,True
gpt,1,test_000722,1,1,valid,,True
gpt,1,test_001150,0,0,valid,,True
gpt,1,test_001342,0,0,valid,,True
gpt,1,test_000824,3,1,valid,,False
gpt,1,test_002013,1,1,valid,,True
gpt,1,test_002983,1,1,valid,,True
gpt,1,test_005298,1,1,valid,,True
gpt,1,test_005695,1,1,valid,,True
gpt,1,test_002427,0,0,valid,,True
gpt,1,test_002139,1,1,valid,,True
gpt,1,test_005622,2,0,valid,,False
gpt,1,test_000583,0,0,valid,,True
gpt,1,test_003876,1,1,valid,,True
gpt,1,test_006373,2,0,valid,,False
gpt,1,test_006824,2,2,valid,,True
gpt,1,test_006829,2,0,valid,,False
gpt,1,test_006072,2,0,valid,,False
gpt,1,test_003974,0,0,valid,,True
gpt,1,test_001802,2,2,valid,,True
gpt,1,test_002079,0,0,valid,,True
gpt,1,test_003556,1,1,valid,,True
gpt,1,test_002912,2,0,valid,,False
gpt,1,test_004138,1,1,valid,,True
gpt,1,test_003387,0,0,valid,,True
gpt,1,test_005225,2,0,valid,,False
gpt,1,test_004637,2,0,valid,,False
gpt,1,test_002204,0,0,valid,,True
gpt,1,test_006427,1,1,valid,,True
gpt,1,test_002625,3,3,valid,,True
gpt,1,test_000822,0,0,valid,,True
gpt,1,test_000539,3,2,valid,,False
gpt,1,test_004831,2,0,valid,,False
gpt,1,test_003369,1,1,valid,,True
gpt,1,test_005637,1,1,valid,,True
gpt,1,test_000872,0,0,valid,,True
gpt,1,test_001463,1,1,valid,,True
gpt,1,test_006962,0,0,valid,,True
gpt,1,test_005104,0,0,valid,,True
gpt,1,test_000441,1,3,valid,,False
gpt,1,test_001191,1,1,valid,,True
gpt,1,test_004435,1,1,valid,,True
gpt,1,test_004042,3,1,valid,,False
gpt,1,test_003577,2,0,valid,,False
gpt,1,test_004226,1,1,valid,,True
gpt,1,test_005529,1,1,valid,,True
gpt,1,test_005986,0,0,valid,,True
gpt,1,test_006957,0,0,valid,,True
gpt,1,test_006805,0,0,valid,,True
gpt,1,test_006788,0,0,valid,,True
gpt,1,test_006594,0,0,valid,,True
gpt,1,test_005496,2,0,valid,,False
gpt,1,test_001007,3,3,valid,,True
gpt,1,test_002237,0,0,valid,,True
gpt,1,test_004632,0,0,valid,,True
gpt,1,test_001852,0,0,valid,,True
gpt,1,test_005691,1,1,valid,,True
gpt,1,test_003609,1,1,valid,,True
gpt,1,test_006841,1,1,valid,,True
gpt,1,test_005085,2,0,valid,,False
gpt,1,test_002326,1,1,valid,,True
gpt,1,test_005818,2,0,valid,,False
gpt,1,test_002382,0,0,valid,,True
gpt,1,test_005249,2,0,valid,,False
gpt,1,test_003925,0,0,valid,,True
gpt,1,test_000863,0,0,valid,,True
gpt,1,test_002783,1,1,valid,,True
gpt,1,test_000928,0,0,valid,,True
gpt,1,test_005052,1,1,valid,,True
gpt,1,test_004718,2,0,valid,,False
gpt,1,test_005854,1,1,valid,,True
gpt,1,test_002105,1,1,valid,,True
